{"cameraMode":{"drawMode":0,"name":"Shaded","section":"Shading Mode"},"sceneLighting":true,"audioPlay":false,"sceneViewState":{"showFog":true,"showMaterialUpdate":false,"showSkybox":true,"showFlares":true,"showImageEffects":true,"showParticleSystems":true},"in2DMode":false,"pivot":{"x":912.39404296875,"y":352.7061767578125,"z":106.05201721191406},"rotation":{"x":-0.03915795311331749,"y":-0.08473600447177887,"z":0.003332658438012004,"w":-0.9956291913986206},"size":731.8379516601563,"orthographic":false}